Albert Pudas,1899-01-01T00:00:00+02:00,1899-02-17,male,{Grand Duchy of Finland|Siikajoki|Russian Empire}
Holger Granström,1917-01-01T00:00:00+02:00,1917-12-25,male,{Finland|Ruokolahti}
Matti Wasama,1918-01-01T00:00:00+02:00,1918-01-14,,{Finland|Tampere}
Kalle Havulinna,1924-01-01T00:00:00+02:00,1924-09-27,male,{Finland|Tampere}
Aarne Honkavaara,1924-01-01T00:00:00+02:00,1924-06-07,,{Finland|Tampere}
Pentti Lund,1925-01-01T00:00:00+02:00,1925-12-06,,{Finland|Karijoki}
Esko Tie,1928-01-01T00:00:00+02:00,1928-12-26,male,Vanaja (Finland)
Erkki Koiso,1934-01-01T00:00:00+02:00,1934-04-13,male,{Finland|Tampere}
Lasse Heikkilä,1934-01-01T00:00:00+02:00,1934-05-27,male,{Finland|Pori}
Lasse Oksanen,1942-01-01T00:00:00+02:00,1942-12-07,male,{Finland|Tampere}
Jarmo Wasama,1943-01-01T00:00:00+02:00,1943-12-02,male,{Finland|Elimäki}
Reijo Hakanen,1943-01-01T00:00:00+02:00,1943-08-20,male,{Finland|Kangasala}
Stig Wetzell,1945-01-01T00:00:00+02:00,1945-10-07,male,{Finland|Vaasa}
Pekka Marjamäki,1947-01-01T00:00:00+02:00,1947-12-18,male,{Finland|Tampere}
Juha Widing,1947-01-01T00:00:00+02:00,1947-07-04,,{Finland|Oulu}
Timo Turunen,1948-01-01T00:00:00+02:00,1948-04-08,male,{Finland|Outokumpu Finland}
Heikki Riihiranta,1948-01-01T00:00:00+02:00,1948-10-04,,{Finland|Helsinki}
Veikko Suominen,1948-01-01T00:00:00+02:00,1948-05-05,,{Finland|Rauma Finland}
Veli-Pekka Ketola,1948-01-01T00:00:00+02:00,1948-03-28,male,{Finland|Pori}
Tommi Salmelainen,1949-01-01T00:00:00+02:00,1949-01-29,male,{Finland|Helsinki}
Lauri Mononen,1950-01-01T00:00:00+02:00,1950-03-22,,{Finland|Joensuu}
Juhani Tamminen,1950-01-01T00:00:00+02:00,1950-05-26,male,{Finland|Turku}
Hannu Kapanen,1951-01-01T00:00:00+02:00,1951-03-13,male,{Finland|Kontiolahti}
Rauno Korpi,1951-01-01T00:00:00+02:00,1951-06-25,male,{Finland|Tampere}
Hannu Aravirta,1953-01-01T00:00:00+02:00,1953-03-26,,{Finland|Savonlinna}
Pekka Rautakallio,1953-01-01T00:00:00+02:00,1953-07-25,male,{Finland|Pori}
Martti Jarkko,1953-01-01T00:00:00+02:00,1953-11-26,male,{Finland|Turku|Tampere}
Harri Rindell,1954-01-01T00:00:00+02:00,1954-01-17,male,{Finland|Helsinki}
Antero Lehtonen,1954-01-01T00:00:00+02:00,1954-04-12,,{Finland|Tampere}
Mikko Leinonen,1955-01-01T00:00:00+02:00,1955-07-15,male,{Finland|Tampere}
Antero Kivelä,1955-01-01T00:00:00+02:00,1955-12-26,male,{Finland|Pori}
Matti Hagman,1955-01-01T00:00:00+02:00,1955-09-21,,{Finland|Helsinki}
Kari Makkonen,1955-01-01T00:00:00+02:00,1955-01-20,,{Finland|Harjavalta}
Jouni Rinne,1956-01-01T00:00:00+02:00,1956-02-12,male,{Finland|Rauma Finland}
Tapio Levo,1956-01-01T00:00:00+02:00,1956-09-24,male,{Finland|Pori}
Kari Eloranta,1956-01-01T00:00:00+02:00,1956-02-29,male,{Finland|Lahti}
Erkki Laine,1957-01-01T00:00:00+02:00,1957-09-13,male,{Finland|Lahti}
Markus Mattsson,1957-01-01T00:00:00+02:00,1957-07-30,male,{Finland|Nokia Finland}
Risto Siltanen,1958-01-01T00:00:00+02:00,1958-10-31,male,{Finland|Mänttä}
Ilkka Sinisalo,1958-01-01T00:00:00+02:00,1958-07-10,male,{Finland|Valkeakoski}
Arto Javanainen,1959-01-01T00:00:00+02:00,1959-04-08,male,{Finland|Pori}
Hannu Viirlas,1960-01-01T00:00:00+02:00,1960-06-12,,{Finland|Turku}
Pekka Arbelius,1960-01-01T00:00:00+02:00,1960-06-26,male,{Finland|Oulu}
Pekka Tuomisto,1960-01-01T00:00:00+02:00,1960-12-29,male,{Finland|Oulu}
Mika Helkearo,1960-01-01T00:00:00+02:00,1960-10-04,male,{Finland|Forssa}
Jari Kurri,1960-01-01T00:00:00+02:00,1960-05-18,male,{Finland|Helsinki}
Kai Suikkanen,1960-01-01T00:00:00+02:00,1960-09-28,male,{Finland|Parkano}
Reijo Ruotsalainen,1960-01-01T00:00:00+02:00,1960-04-01,male,{Finland|Oulu}
Matti Virmanen,1960-01-01T00:00:00+02:00,1960-11-30,,{Finland|Helsinki}
Kari Jalonen,1960-01-01T00:00:00+02:00,1960-01-06,,{Finland|Oulu}
Timo Blomqvist,1961-01-01T00:00:00+02:00,1961-01-23,male,{Finland|Helsinki}
Jyrki Seppä,1961-01-01T00:00:00+02:00,1961-11-14,,{Finland|Tampere}
Petteri Lehto,1961-01-01T00:00:00+02:00,1961-03-13,male,{Finland|Turku}
Markku Kyllönen,1962-01-01T00:00:00+02:00,1962-02-15,male,{Finland|Joensuu}
Jukka Tammi,1962-01-01T00:00:00+02:00,1962-04-10,male,{Finland|Tampere}
Arto Sirviö,1962-01-01T00:00:00+02:00,1962-01-06,male,{Finland|Sotkamo}
Raimo Summanen,1962-01-01T00:00:00+02:00,1962-03-02,male,{Finland|Jyväskylä}
Petri Skriko,1962-01-01T00:00:00+02:00,1962-03-12,male,{Finland|Lappeenranta}
Petri Ylönen,1962-01-01T00:00:00+02:00,1962-10-02,,{Finland|Helsinki}
Kari Takko,1962-01-01T00:00:00+02:00,1962-06-23,,{Finland|Uusikaupunki}
Timo Jutila,1963-01-01T00:00:00+02:00,1963-12-24,,{Finland|Tampere}
Hannu Virta,1963-01-01T00:00:00+02:00,1963-03-22,male,{Finland|Turku}
Simo Saarinen,1963-01-01T00:00:00+02:00,1963-02-14,,{Finland|Helsinki}
Jukka Rautakorpi,1963-01-01T00:00:00+02:00,1963-12-17,,{Finland|Kauhajoki}
Ari-Pekka Selin,1963-01-01T00:00:00+02:00,1963-05-17,male,{Finland|Pori}
Risto Dufva,1963-01-01T00:00:00+02:00,1963-05-01,male,{Finland|Jyväskylä}
Pekka Laksola,1964-01-01T00:00:00+02:00,1964-05-25,male,{Finland|Tampere}
Tomas Sandström,1964-01-01T00:00:00+02:00,1964-09-04,,{Finland|Jakobstad}
Kai Rautio,1964-01-01T00:00:00+02:00,1964-07-22,,{Finland|Oulu}
Raimo Helminen,1964-01-01T00:00:00+02:00,1964-03-11,male,{Finland|Tampere}
Terho Koskela,1964-01-01T00:00:00+02:00,1964-12-23,,{Finland|Salla}
Ville Sirén,1964-01-01T00:00:00+02:00,1964-02-11,male,{Finland|Tampere}
Christian Ruuttu,1964-01-01T00:00:00+02:00,1964-02-20,,{Finland|Lappeenranta}
Erik Hämäläinen,1965-01-01T00:00:00+02:00,1965-04-20,,{Finland|Rauma Finland}
Esa Keskinen,1965-01-01T00:00:00+02:00,1965-02-03,,{Finland|Ylöjärvi}
Esa Tikkanen,1965-01-01T00:00:00+02:00,1965-01-25,male,{Finland|Helsinki}
Mikko Mäkelä,1965-01-01T00:00:00+02:00,1965-02-28,male,{Finland|Tampere}
Jari Torkki,1965-01-01T00:00:00+02:00,1965-08-11,male,{Finland|Rauma Finland}
Jarmo Myllys,1965-01-01T00:00:00+02:00,1965-05-29,male,{Finland|Savonlinna}
Arto Blomsten,1965-01-01T00:00:00+02:00,1965-03-16,male,{Finland|Vaasa}
Mika Nieminen,1966-01-01T00:00:00+02:00,1966-01-01,male,{Finland|Tampere}
Mika Pieniniemi,1966-01-01T00:00:00+02:00,1966-04-26,male,{Finland|Oulu}
Jari Korpisalo,1966-01-01T00:00:00+02:00,1966-02-17,male,{Finland|Helsinki}
Jyrki Lumme,1966-01-01T00:00:00+02:00,1966-07-16,male,{Finland|Tampere}
Mikko Haapakoski,1967-01-01T00:00:00+02:00,1967-01-19,,{Finland|Oulu}
Markus Ketterer,1967-01-01T00:00:00+02:00,1967-08-23,male,{Finland|Helsinki}
Jari Laukkanen (ice hockey),1967-01-01T00:00:00+02:00,1967-06-21,,{Finland|Helsinki}
Waltteri Immonen,1967-01-01T00:00:00+02:00,1967-04-03,,{Finland|Helsinki}
Pekka Tirkkonen,1968-01-01T00:00:00+02:00,1968-07-17,male,{Finland|Savonlinna}
Peter Ahola,1968-01-01T00:00:00+02:00,1968-05-14,,{Finland|Espoo}
Marko Virtanen,1968-01-01T00:00:00+02:00,1968-12-10,male,{Finland|Jyväskylä}
Janne Ojanen,1968-01-01T00:00:00+02:00,1968-04-09,,{Finland|Tampere}
Pasi Arvonen,1968-01-01T00:00:00+02:00,1968-02-05,male,{Finland|Hämeenlinna}
Teppo Numminen,1968-01-01T00:00:00+02:00,1968-07-03,male,{Finland|Tampere}
Tero Arkiomaa,1968-01-01T00:00:00+02:00,1968-02-20,,{Finland|Helsinki}
Juha Riihijärvi,1969-01-01T00:00:00+02:00,1969-12-15,,{Finland|Keminmaa}
Kai Nurminen,1969-01-01T00:00:00+02:00,1969-03-29,,{Finland|Turku}
Ari Sulander,1969-01-01T00:00:00+02:00,1969-01-06,,{Finland|Helsinki}
Petri Varis,1969-01-01T00:00:00+02:00,1969-05-13,male,{Finland|Varkaus}
Mika Strömberg,1970-01-01T00:00:00+02:00,1970-02-28,male,{Finland|Helsinki}
Tuomas Tuokkola,1970-01-01T00:00:00+02:00,1970-01-20,male,{Finland|Alavus}
Janne Laukkanen,1970-01-01T00:00:00+02:00,1970-03-19,male,{Finland|Lahti}
Juha Ikonen,1970-01-01T00:00:00+02:00,1970-06-07,male,{Finland|Helsinki}
Antti Törmänen,1970-01-01T00:00:00+02:00,1970-09-19,male,{Finland|Espoo}
Teemu Selänne,1970-01-01T00:00:00+02:00,1970-07-03,male,{Finland|Helsinki}
Joni Lehto,1970-01-01T00:00:00+02:00,1970-07-15,,{Finland|Turku}
Keijo Säilynoja,1970-01-01T00:00:00+02:00,1970-02-17,,{Finland|Vantaa}
Mika Alatalo,1971-01-01T00:00:00+02:00,1971-06-11,male,{Finland|Oulu}
Tommy Kiviaho,1971-01-01T00:00:00+02:00,1971-06-27,male,{Finland|Helsinki}
Marko Jantunen,1971-01-01T00:00:00+02:00,1971-02-14,male,{Finland|Lahti}
Vesa Viitakoski,1971-01-01T00:00:00+02:00,1971-02-13,male,{Finland|Lappeenranta}
Kimmo Eronen,1971-01-01T00:00:00+02:00,1971-09-07,,{Finland|Turku}
Mikko Eloranta,1972-01-01T00:00:00+02:00,1972-08-24,male,{Finland|Aura Finland}
Sinuhe Wallinheimo,1972-01-01T00:00:00+02:00,1972-03-09,male,{Finland|Jyväskylä}
Jan Latvala,1972-01-01T00:00:00+02:00,1972-06-10,male,{Finland|Jyväskylä}
Juha Ylönen,1972-01-01T00:00:00+02:00,1972-02-13,male,{Finland|Helsinki}
Kalle Koskinen,1972-01-01T00:00:00+02:00,1972-01-03,,{Finland|Jyväskylä}
Petteri Nummelin,1972-01-01T00:00:00+02:00,1972-11-25,male,{Finland|Turku}
Timo Hirvonen,1973-01-01T00:00:00+02:00,1973-12-05,male,{Finland|Varkaus}
Fredrik Norrena,1973-01-01T00:00:00+02:00,1973-11-29,,{Finland|Jakobstad}
Mika Niskanen,1973-01-01T00:00:00+02:00,1973-07-24,,{Finland|Helsinki}
Mika Skyttä,1973-01-01T00:00:00+02:00,1973-04-25,male,{Finland|Varkaus}
Janne Grönvall,1973-01-01T00:00:00+02:00,1973-07-17,male,Finland
Jarno Kultanen,1973-01-01T00:00:00+02:00,1973-01-08,male,{Finland|Luumäki}
Pasi Saarela,1973-01-01T00:00:00+02:00,1973-08-24,male,{Finland|Laitila}
Riikka Nieminen,1973-01-01T00:00:00+02:00,1973-06-12,female,{Finland|Jyväskylä}
Ville Peltonen,1973-01-01T00:00:00+02:00,1973-03-24,male,{Finland|Vantaa}
Jere Lehtinen,1973-01-01T00:00:00+02:00,1973-06-24,male,{Finland|Espoo}
Sami Kapanen,1973-01-01T00:00:00+02:00,1973-06-14,male,{Finland|Vantaa}
Kari Haakana,1973-01-01T00:00:00+02:00,1973-11-08,,{Finland|Outokumpu}
Tom Koivisto,1974-01-01T00:00:00+02:00,1974-06-04,male,{Finland|Turku}
Tuomas Grönman,1974-01-01T00:00:00+02:00,1974-03-22,male,{Finland|Viitasaari}
Lasse Pirjetä,1974-01-01T00:00:00+02:00,1974-04-04,,{Finland|Oulu}
Jari Kauppila,1974-01-01T00:00:00+02:00,1974-02-23,,{Finland|Lammi}
Juha Lind,1974-01-01T00:00:00+02:00,1974-01-02,male,{Finland|Helsinki}
Jukka Hentunen,1974-01-01T00:00:00+02:00,1974-05-03,,{Finland|Joroinen}
Jyrki Aho,1974-01-01T00:00:00+02:00,1974-07-14,,{Finland|Jyväskylä}
Pasi Nielikäinen,1974-01-01T00:00:00+02:00,1974-02-11,,{Finland|Oulainen}
Saku Koivu,1974-01-01T00:00:00+02:00,1974-11-23,male,{Finland|Turku}
Sami Helenius,1974-01-01T00:00:00+02:00,1974-01-22,male,{Finland|Helsinki}
Sami Salo,1974-01-01T00:00:00+02:00,1974-09-02,male,{Finland|Turku}
Kimmo Kapanen,1974-01-01T00:00:00+02:00,1974-09-12,,{Finland|Vantaa}
Hannes Hyvönen,1975-01-01T00:00:00+02:00,1975-08-29,,{Finland|Oulu}
Mika Lehtinen,1975-01-01T00:00:00+02:00,1975-05-23,male,{Finland|Turku}
Tommi Kovanen,1975-01-01T00:00:00+02:00,1975-07-15,,{Finland|Pieksämäki}
Tommi Miettinen,1975-01-01T00:00:00+02:00,1975-12-03,male,{Finland|Kuopio}
Toni Mäkiaho,1975-01-01T00:00:00+02:00,1975-01-11,,{Finland|Tampere}
Markus Korhonen,1975-01-01T00:00:00+02:00,1975-04-29,,{Finland|Tampere}
Jani Hurme,1975-01-01T00:00:00+02:00,1975-01-07,male,{Finland|Turku}
Janne Niinimaa,1975-01-01T00:00:00+02:00,1975-05-22,male,{Finland|Raahe}
Jarkko Ruutu,1975-01-01T00:00:00+02:00,1975-08-23,male,{Finland|Vantaa}
Jussi Markkanen,1975-01-01T00:00:00+02:00,1975-05-08,male,{Finland|Imatra}
Antti Aalto,1975-01-01T00:00:00+02:00,1975-03-04,,{Finland|Lappeenranta}
Pasi Nurminen,1975-01-01T00:00:00+02:00,1975-12-17,male,{Finland|Lahti}
Rami Alanko,1975-01-01T00:00:00+02:00,1975-12-31,male,{Finland|Helsinki}
Petri Kokko (ice hockey),1975-01-01T00:00:00+02:00,1975-02-01,,{Finland|Oulu}
Tero Leinonen,1975-01-01T00:00:00+02:00,1975-03-09,,{Finland|Mikkeli}
Jere Karalahti,1975-01-01T00:00:00+02:00,1975-03-25,male,{Finland|Helsinki}
Kimmo Kuhta,1975-01-01T00:00:00+02:00,1975-06-19,,{Finland|Helsinki}
Kimmo Timonen,1975-01-01T00:00:00+02:00,1975-03-18,,{Finland|Kuopio}
Miikka Kiprusoff,1976-01-01T00:00:00+02:00,1976-10-26,male,{Finland|Turku}
Mikko Laine,1976-01-01T00:00:00+02:00,1976-02-09,,{Finland|Espoo}
Jukka Laamanen,1976-01-01T00:00:00+02:00,1976-10-04,,{Finland|Savonlinna}
Jyrki Välivaara,1976-01-01T00:00:00+02:00,1976-05-30,male,{Finland|Jyväskylä}
Petri Pakaslahti,1976-01-01T00:00:00+02:00,1976-01-22,male,{Finland|Tampere}
Martti Järventie,1976-01-01T00:00:00+02:00,1976-04-04,male,{Finland|Tampere}
Kimmo Lotvonen,1976-01-01T00:00:00+02:00,1976-01-11,,{Finland|Oulu}
Esa Pirnes,1977-01-01T00:00:00+02:00,1977-04-01,,{Finland|Oulu}
Timo Pärssinen,1977-01-01T00:00:00+02:00,1977-01-19,,{Finland|Lohja}
Miika Elomo,1977-01-01T00:00:00+02:00,1977-04-21,male,{Finland|Turku}
Mikko Markkanen,1977-01-01T00:00:00+02:00,1977-01-09,,{Finland|Turku}
Tomi Hirvonen,1977-01-01T00:00:00+02:00,1977-01-11,male,{Finland|Tampere}
Tomi Kallio,1977-01-01T00:00:00+02:00,1977-01-27,,{Finland|Turku}
Tomi Pettinen,1977-01-01T00:00:00+02:00,1977-06-17,male,{Finland|Ylöjärvi}
Toni Lydman,1977-01-01T00:00:00+02:00,1977-09-25,male,{Finland|Lahti}
Lauri Marjamäki,1977-01-01T00:00:00+02:00,1977-05-29,male,{Finland|Tampere}
Marko Mäkinen,1977-01-01T00:00:00+02:00,1977-03-31,,{Finland|Turku}
Jani Virtanen (ice hockey),1977-01-01T00:00:00+02:00,1977-03-01,male,{Finland|Tampere}
Antti-Jussi Niemi,1977-01-01T00:00:00+02:00,1977-09-22,,{Finland|Vantaa}
Pasi Häkkinen,1977-01-01T00:00:00+02:00,1977-06-25,male,{Finland|Lappeenranta}
Petri Vehanen,1977-01-01T00:00:00+02:00,1977-10-09,,{Finland|Rauma Finland}
Teemu Riihijärvi,1977-01-01T00:00:00+02:00,1977-03-01,male,{Finland|Espoo}
Vesa Toskala,1977-01-01T00:00:00+02:00,1977-05-20,male,{Finland|Tampere}
Ville Nieminen,1977-01-01T00:00:00+02:00,1977-04-06,,{Finland|Tampere}
Ville Vahalahti,1977-01-01T00:00:00+02:00,1977-11-07,male,{Finland|Pargas}
Santeri Heiskanen,1977-01-01T00:00:00+02:00,1977-04-13,,{Finland|Helsinki}
Aki Berg,1977-01-01T00:00:00+02:00,1977-07-28,male,{Finland|Raisio}
Timo Ahmaoja,1978-01-01T00:00:00+02:00,1978-08-08,male,{Finland|Jyväskylä}
Pauli Levokari,1978-01-01T00:00:00+02:00,1978-04-07,male,{Finland|Luvia}
Tomi Pöllänen,1978-01-01T00:00:00+02:00,1978-05-26,,{Finland|Joensuu}
Toni Söderholm,1978-01-01T00:00:00+02:00,1978-04-14,,{Finland|Kauniainen}
Ari Vallin,1978-01-01T00:00:00+02:00,1978-03-21,,{Finland|Ylöjärvi}
Olli Jokinen,1978-01-01T00:00:00+02:00,1978-12-05,male,{Finland|Kuopio}
Pasi Petriläinen,1978-01-01T00:00:00+02:00,1978-05-05,,{Finland|Pirkkala}
Pasi Puistola,1978-01-01T00:00:00+02:00,1978-09-16,,{Finland|Tampere}
Petteri Lotila,1978-01-01T00:00:00+02:00,1978-03-24,,{Finland|Rauma Finland}
Teemu Aalto,1978-01-01T00:00:00+02:00,1978-03-30,,{Finland|Kokkola}
Niklas Bäckström,1978-01-01T00:00:00+02:00,1978-02-13,male,{Finland|Helsinki}
Niko Kapanen,1978-01-01T00:00:00+02:00,1978-04-29,,{Finland|Hattula}
Karoliina Rantamäki,1978-01-01T00:00:00+02:00,1978-02-23,female,{Finland|Vantaa}
Kimmo Koskenkorva,1978-01-01T00:00:00+02:00,1978-06-21,,{Finland|Haukipudas}
Pekka Saravo,1979-01-01T00:00:00+02:00,1979-11-13,,{Finland|Rovaniemi}
Miikka Männikkö,,1979-03-27,,{Finland|Tampere}
Mika Lehto,1979-01-01T00:00:00+02:00,1979-04-12,male,{Finland|Vammala}
Mika Noronen,1979-01-01T00:00:00+02:00,1979-06-17,,{Finland|Tampere}
Mika Viinanen,1979-01-01T00:00:00+02:00,1979-07-21,,{Finland|Helsinki|Kaarina}
Mikko Kurvinen,1979-01-01T00:00:00+02:00,1979-03-11,male,{Finland|Anjalankoski}
Tomi Källarsson,1979-01-01T00:00:00+02:00,1979-03-15,male,{Finland|Lempäälä}
Tomi Lämsä,1979-01-01T00:00:00+02:00,1979-09-16,male,{Finland|Lahti}
Tommi Santala,1979-01-01T00:00:00+02:00,1979-06-27,,{Finland|Helsinki}
Toni Dahlman,1979-01-01T00:00:00+02:00,1979-09-03,male,{Finland|Helsinki}
Marko Kauppinen,1979-01-01T00:00:00+02:00,1979-03-23,male,{Finland|Mikkeli}
Jani Honkanen,1979-01-01T00:00:00+02:00,1979-09-20,male,{Finland|Espoo}
Eerikki Koivu,1979-01-01T00:00:00+02:00,1979-12-29,male,{Finland|Norway|Kokkola}
Eero Somervuori,1979-01-01T00:00:00+02:00,1979-02-07,male,{Finland|Järvenpää}
Juha Gustafsson,1979-01-01T00:00:00+02:00,1979-04-24,,{Finland|Helsinki}
Juha Kaunismäki,1979-01-01T00:00:00+02:00,1979-05-06,,{Finland|Helsinki}
Kalle Kerman,1979-01-01T00:00:00+02:00,1979-10-06,male,{Finland|Kuopio}
Antti Bruun,1979-01-01T00:00:00+02:00,1979-11-09,,{Finland|Savonlinna}
Antti Ore,1979-01-01T00:00:00+02:00,1979-10-25,,{Finland|Joutseno}
Teemu Elomo,1979-01-01T00:00:00+02:00,1979-01-13,male,{Finland|Turku}
Ville Uusitalo,1979-01-01T00:00:00+02:00,1979-07-06,,{Finland|Espoo}
Niklas Hagman,1979-01-01T00:00:00+02:00,1979-12-05,male,{Finland|Espoo}
Mikko Jokela,1980-01-01T00:00:00+02:00,1980-03-04,male,{Finland|Lappeenranta}
Tuomas Tarkki,1980-01-01T00:00:00+02:00,1980-02-28,,{Finland|Rauma Finland}
Kristian Antila,1980-01-01T00:00:00+02:00,1980-01-10,male,{Finland|Vammala}
Marko Ahosilta,1980-01-01T00:00:00+02:00,1980-01-24,male,{Finland|Kuopio}
Jari Viuhkola,1980-01-01T00:00:00+02:00,1980-02-27,male,{Finland|Oulu}
Jukka Voutilainen,1980-01-01T00:00:00+02:00,1980-05-14,,{Finland|Kuopio}
Arto Laatikainen,1980-01-01T00:00:00+02:00,1980-05-24,male,{Finland|Espoo}
Antero Niittymäki,1980-01-01T00:00:00+02:00,1980-06-18,male,{Finland|Turku}
Antti Miettinen,1980-01-01T00:00:00+02:00,1980-07-03,male,{Finland|Hämeenlinna}
Ossi Väänänen,1980-01-01T00:00:00+02:00,1980-08-18,male,{Finland|Vantaa}
Riku Hahl,1980-01-01T00:00:00+02:00,1980-11-01,,{Finland|Hämeenlinna}
Tapio Sammalkangas,1980-01-01T00:00:00+02:00,1980-03-16,,{Finland|Tampere}
Teemu Normio,1980-01-01T00:00:00+02:00,1980-05-09,,{Finland|Tampere}
Matias Loppi,1980-01-01T00:00:00+02:00,1980-03-22,,{Finland|Helsinki}
Mika Pyörälä,1981-01-01T00:00:00+02:00,1981-07-13,male,{Finland|Oulu}
Mikko Hyytiä,1981-01-01T00:00:00+02:00,1981-07-12,male,{Finland|Jyväskylä}
Toni Häppölä,1981-01-01T00:00:00+02:00,1981-04-09,,{Finland|Helsinki}
Tony Salmelainen,1981-01-01T00:00:00+02:00,1981-08-08,male,{Finland|Espoo}
Tuukka Mäntylä,1981-01-01T00:00:00+02:00,1981-05-25,male,{Finland|Tampere}
Lasse Kukkonen,1981-01-01T00:00:00+02:00,1981-09-18,male,{Finland|Oulu}
Jani Rita,1981-01-01T00:00:00+02:00,1981-07-25,,{Finland|Helsinki}
Jari Jääskeläinen,1981-01-01T00:00:00+02:00,1981-08-23,,{Finland|Jyväskylä}
Juha-Pekka Hytönen,1981-01-01T00:00:00+02:00,1981-05-22,male,{Finland|Jyväskylä}
Arto Tukio,1981-01-01T00:00:00+02:00,1981-04-04,,{Finland|Tampere}
Antti Jokela,1981-01-01T00:00:00+02:00,1981-05-07,male,{Finland|Rauma Finland}
Ari Ahonen,1981-01-01T00:00:00+02:00,1981-02-06,male,{Finland|Jyväskylä}
Ossi-Petteri Grönholm,1981-01-01T00:00:00+02:00,1981-09-17,male,{Finland|Kotka}
Teemu Kesä,,1981-06-07,male,{Finland|Helsinki}
Teemu Sainomaa,1981-01-01T00:00:00+02:00,1981-05-15,male,{Finland|Helsinki}
Ville Hämäläinen,1981-01-01T00:00:00+02:00,1981-07-06,,{Finland|Lappeenranta}
Ville Viitaluoma,1981-01-01T00:00:00+02:00,1981-02-16,,{Finland|Espoo}
Ilari Filppula,1981-01-01T00:00:00+02:00,1981-11-05,male,{Finland|Vantaa}
Ilkka Pikkarainen,1981-01-01T00:00:00+02:00,1981-04-19,male,{Finland|Sonkajärvi}
Samu Isosalo,1981-01-01T00:00:00+02:00,1981-06-10,male,{Finland|Rauma Finland}
Carlo Grünn,1981-01-01T00:00:00+02:00,1981-04-30,,{Finland|Espoo}
Joonas Vihko,,1981-04-06,male,{Finland|Helsinki}
Pekka Rinne,1982-01-01T00:00:00+02:00,1982-11-03,male,{Finland|Kempele}
Pekka Saarenheimo,,1982-05-06,,{Finland|Oulunsalo}
Mikko Viitanen,1982-01-01T00:00:00+02:00,1982-02-18,male,{Finland|Nurmijärvi}
Toni Koivisto,1982-01-01T00:00:00+02:00,1982-11-05,,{Finland|Ylitornio}
Tuomas Pihlman,1982-01-01T00:00:00+02:00,1982-11-13,male,{Finland|Espoo}
Semir Ben-Amor,1982-01-01T00:00:00+02:00,1982-05-05,male,{Finland|Helsinki}
Markus Seikola,1982-01-01T00:00:00+02:00,1982-06-05,male,{Finland|Laitila}
Janne Jokila,1982-01-01T00:00:00+02:00,1982-04-22,male,{Finland|Turku}
Janne Lahti,1982-01-01T00:00:00+02:00,1982-07-20,male,{Finland|Riihimäki}
Janne Pesonen,1982-01-01T00:00:00+02:00,1982-05-11,,{Finland|Kuhmo|Suomussalmi}
Jarkko Immonen,1982-01-01T00:00:00+02:00,1982-04-19,,{Finland|Rantasalmi}
Juha-Pekka Haataja,1982-01-01T00:00:00+02:00,1982-10-31,male,{Finland|Oulu}
Jyri Marttinen,1982-01-01T00:00:00+02:00,1982-09-01,,{Finland|Jyväskylän maalaiskunta}
Atte Pentikäinen,1982-01-01T00:00:00+02:00,1982-12-12,male,Finland
Antti Halonen,1982-01-01T00:00:00+02:00,1982-02-02,,{Finland|Kajaani}
Olli Malmivaara,1982-01-01T00:00:00+02:00,1982-03-13,male,{Finland|Kajaani}
Teemu Laine,1982-01-01T00:00:00+02:00,1982-08-09,,{Finland|Helsinki}
Tero Määttä,1982-01-01T00:00:00+02:00,1982-01-02,male,{Finland|Vantaa}
Ville Koistinen,1982-01-01T00:00:00+02:00,1982-06-17,,{Finland|Oulu}
Niklas Fogstrom,1982-01-01T00:00:00+02:00,1982-03-02,male,{Finland|Vaasa}
Joni Tuominen,1982-01-01T00:00:00+02:00,1982-09-04,,{Finland|Espoo}
Joni Yli-Torkko,1982-01-01T00:00:00+02:00,1982-04-14,male,{Finland|Lappeenranta}
Pentti Nöyränen,1983-01-01T00:00:00+02:00,1983-05-20,,{Finland|Espoo}
Mikko Koivu,1983-01-01T00:00:00+02:00,1983-03-12,,{Finland|Turku}
Mikko Mäenpää,1983-01-01T00:00:00+02:00,1983-04-19,,{Finland|Tampere}
Tomi Mäki,1983-01-01T00:00:00+02:00,1983-08-19,,{Finland|Helsinki}
Tommi Paakkolanvaara,1983-01-01T00:00:00+02:00,1983-03-01,,{Finland|Oulunsalo}
Topi Jaakola,1983-01-01T00:00:00+02:00,1983-11-15,male,{Finland|Oulu}
Tuomas Vänttinen,1983-01-01T00:00:00+02:00,1983-07-29,,{Finland|Savonlinna}
Tuomo Ruutu,1983-01-01T00:00:00+02:00,1983-02-16,male,{Finland|Vantaa}
Simo Mälkiä,1983-01-01T00:00:00+02:00,1983-08-21,male,{Finland|Lappeenranta}
Heikki Laine,1983-01-01T00:00:00+02:00,1983-10-17,,{Finland|Helsinki}
Jarkko Kauvosaari,1983-01-01T00:00:00+02:00,1983-10-17,male,{Finland|Ylitornio}
Juha Leimu,1983-01-01T00:00:00+02:00,1983-01-30,,{Finland|Tampere}
Jussi Jokinen,1983-01-01T00:00:00+02:00,1983-04-01,male,{Finland|Kalajoki}
Jussi Timonen,1983-01-01T00:00:00+02:00,1983-06-29,male,{Finland|Kuopio}
Juuso Akkanen,1983-01-01T00:00:00+02:00,1983-12-22,,{Finland|Rauma Finland}
Arttu Luttinen,1983-01-01T00:00:00+02:00,1983-09-03,male,{Finland|Helsinki}
Antti Ylönen,1983-01-01T00:00:00+02:00,1983-09-15,male,{Finland|Liminka}
Ossi Louhivaara,1983-01-01T00:00:00+02:00,1983-08-31,male,{Finland|Kotka}
Petri Koskinen,1983-01-01T00:00:00+02:00,1983-04-28,,{Finland|Tampere}
Teemu Lassila,1983-01-01T00:00:00+02:00,1983-03-26,male,{Finland|Helsinki}
Teemu Virtala,1983-01-01T00:00:00+02:00,1983-08-17,male,{Finland|Uusikaupunki}
Jere Myllyniemi,1983-01-01T00:00:00+02:00,1983-01-24,,{Finland|Kangasala}
Jesse Niinimäki,1983-01-01T00:00:00+02:00,1983-08-19,male,{Finland|Tampere}
Max Kolu,1983-01-01T00:00:00+02:00,1983-07-07,male,{Finland|Turku}
Joni Pitkänen,1983-01-01T00:00:00+02:00,1983-09-19,,{Finland|Oulu}
Joonas Ronnberg,1983-01-01T00:00:00+02:00,1983-02-19,male,{Finland|Vantaa}
Kari Lehtonen,1983-01-01T00:00:00+02:00,1983-11-16,male,{Finland|Helsinki}
Hannu Toivonen,1984-01-01T00:00:00+02:00,1984-05-18,male,{Finland|Kalvola}
Mika Norja,1984-01-01T00:00:00+02:00,1984-12-25,,{Finland|Lohja}
Mikko Kalteva,1984-01-01T00:00:00+02:00,1984-05-25,,{Hyvinkää|Finland men's national ice hockey team}
Tommi Välimaa,,1984-01-20,,{Finland|Kangasala}
Toni Kirén,1984-01-01T00:00:00+02:00,1984-06-18,,{Finland|Lahti}
Tuomas Suominen,1984-01-01T00:00:00+02:00,1984-01-17,male,{Finland|Turku}
Tuomas Takala,1984-01-01T00:00:00+02:00,1984-10-01,male,{Finland|Seinäjoki}
Tuukka Pulliainen,1984-01-01T00:00:00+02:00,1984-08-25,,{Finland|Turku}
Simon Backman,1984-01-01T00:00:00+02:00,1984-06-12,,{Finland|Jakobstad}
Janne Jalasvaara,1984-01-01T00:00:00+02:00,1984-04-15,male,{Finland|Oulu}
Jarkko Immonen (ice hockey born 1984),1984-01-01T00:00:00+02:00,1984-01-18,,{Finland|Kouvola}
Eero Väre,1984-01-01T00:00:00+02:00,1984-12-20,,{Finland|Savonlinna}
Jyri Junnila,1984-01-01T00:00:00+02:00,1984-04-07,,{Finland|Raahe}
Kalle Kaijomaa,1984-01-01T00:00:00+02:00,1984-06-01,,{Finland|Joensuu}
Anna Vanhatalo,1984-01-01T00:00:00+02:00,1984-02-29,,{Finland|Helsinki}
Anssi Salmela,1984-01-01T00:00:00+02:00,1984-08-13,,Nokia Finland
Antti Pihlström,1984-01-01T00:00:00+02:00,1984-10-22,,{Finland|Vantaa}
Oskari Korpikari,1984-01-01T00:00:00+02:00,1984-04-05,male,{Finland|Kempele}
Petri Kontiola,1984-01-01T00:00:00+02:00,1984-10-04,,{Finland|Seinäjoki}
Tero Koskiranta,1984-01-01T00:00:00+02:00,1984-06-18,,{Finland|Paimio}
Valtteri Filppula,1984-01-01T00:00:00+02:00,1984-03-20,male,{Finland|Vantaa}
Ville-Matti Koponen,1984-01-01T00:00:00+02:00,1984-01-04,,{Finland|Lahti}
Ville Varakas,1984-01-01T00:00:00+02:00,1984-02-13,male,{Finland|Helsinki}
Lennart Petrell,1984-01-01T00:00:00+02:00,1984-04-13,,{Finland|Helsinki}
Matti Järvinen (ice hockey b. 1984),1984-01-01T00:00:00+02:00,1984-04-20,,{Finland|Pori}
Matti Kuparinen,1984-01-01T00:00:00+02:00,1984-10-16,male,{Finland|Pori}
Ilkka Heikkinen,1984-01-01T00:00:00+02:00,1984-11-13,,{Finland|Rauma Finland}
Sami Lepistö,1984-01-01T00:00:00+02:00,1984-10-17,male,{Finland|Espoo}
Sami Mutanen,1984-01-01T00:00:00+02:00,1984-09-20,,{Finland|Joensuu}
Sean Bergenheim,1984-01-01T00:00:00+02:00,1984-02-08,,{Finland|Helsinki}
Tobias Salmelainen,1985-01-01T00:00:00+02:00,1985-03-27,,{Finland|Espoo}
Toni Niemi,1985-01-01T00:00:00+02:00,1985-03-14,,{Finland|Pirkkala}
Tuomas Santavuori,1985-01-01T00:00:00+02:00,1985-01-24,,{Finland|Savonlinna}
Turo Asplund,1985-01-01T00:00:00+02:00,1985-06-08,,{Finland|Jyväskylä}
Heidi Pelttari,1985-01-01T00:00:00+02:00,1985-08-02,female,{Finland|Tampere|Western Finland Province}
Henrik Forsberg (ice hockey),1985-01-01T00:00:00+02:00,1985-09-10,male,{Finland|Vaasa}
Mari Pehkonen,1985-01-01T00:00:00+02:00,1985-02-06,,{Finland|Tampere}
Marko Anttila,1985-01-01T00:00:00+02:00,1985-05-27,,{Finland|Lempäälä}
Marko Virtala,,1985-04-15,male,{Finland|Uusikaupunki}
Markus Nordlund,1985-01-01T00:00:00+02:00,1985-07-27,,{Finland|Eurajoki}
Eero Kilpeläinen,1985-01-01T00:00:00+02:00,1985-05-07,male,{Finland|Juva}
Juhamatti Aaltonen,1985-01-01T00:00:00+02:00,1985-06-04,,{Finland|Ii Finland}
Juuso Hietanen,1985-01-01T00:00:00+02:00,1985-06-14,male,{Finland|Hämeenlinna}
Antti Kangasniemi,,1985-06-06,,{Finland|Tampere}
Ari-Pekka Hakala,1985-01-01T00:00:00+02:00,1985-05-15,,{Finland|Urjala}
Arsi Piispanen,1985-01-01T00:00:00+02:00,1985-07-25,,{Finland|Jyväskylä}
Pasi Salonen,1985-01-01T00:00:00+02:00,1985-12-18,,{Finland|Helsinki}
Petri Lammassaari,1985-01-01T00:00:00+02:00,1985-08-06,male,{Finland|Eurajoki}
Tapio Laakso,1985-01-01T00:00:00+02:00,1985-06-28,male,{Finland|Rymättylä}
Teemu Metso,1985-01-01T00:00:00+02:00,1985-08-23,,{Finland|Oulu}
Ville-Joonas Peltola,1985-01-01T00:00:00+02:00,1985-02-16,male,{Finland|Kangasala}
Ville-Vesa Vainiola,1985-01-01T00:00:00+02:00,1985-04-02,,{Finland|Rauma Finland}
Ville Hostikka,1985-01-01T00:00:00+02:00,1985-03-21,male,{Finland|Lappeenranta}
Ville Mäntymaa,1985-01-01T00:00:00+02:00,1985-03-08,,{Finland|Seinäjoki}
Jesse Saarinen,1985-01-01T00:00:00+02:00,1985-07-29,,{Finland|Lahti}
Masi Marjamäki,1985-01-01T00:00:00+02:00,1985-01-16,,{Finland|Pori}
Iiro Tarkki,1985-01-01T00:00:00+02:00,1985-07-01,male,{Finland|Rauma Finland}
Joni Isomaki,1985-01-01T00:00:00+02:00,1985-05-24,,{Finland|Kurikka}
Esa Lehikoinen,1986-01-01T00:00:00+02:00,1986-04-17,male,{Finland|Joensuu}
Timo Lindström,1986-01-01T00:00:00+02:00,1986-04-09,,{Finland|Helsinki}
Miikka Tuomainen,1986-01-01T00:00:00+02:00,1986-05-22,,{Finland|Turku}
Mikko Alikoski,1986-01-01T00:00:00+02:00,1986-07-28,,{Finland|Oulu}
Toni Kähkönen,1986-01-01T00:00:00+02:00,1986-09-26,,{Finland|Vaasa}
Henri Heino,1986-01-01T00:00:00+02:00,1986-06-14,,{Finland|Lahti}
Lauri Korpikoski,1986-01-01T00:00:00+02:00,1986-07-28,,{Finland|Turku}
Lauri Tukonen,1986-01-01T00:00:00+02:00,1986-09-01,,{Finland|Hyvinkää}
Jani Forsström,1986-01-01T00:00:00+02:00,1986-02-19,,{Finland|Lahti}
Janne Kolehmainen,1986-01-01T00:00:00+02:00,1986-03-22,male,{Finland|Lappeenranta}
Janne Ritamäki,1986-01-01T00:00:00+02:00,1986-08-13,,{Finland|Heinola}
Jarmo Jokila,1986-01-01T00:00:00+02:00,1986-02-13,male,{Finland|Lemu}
Jarno Koskiranta,,1986-12-09,,{Finland|Paimio}
Juho Jokinen,1986-01-01T00:00:00+02:00,1986-07-25,male,{Finland|Kalajoki}
Antti-P Jaatinen,1986-01-01T00:00:00+02:00,1986-07-24,,{Finland|Mikkeli}
Antti Erkinjuntti,1986-01-01T00:00:00+02:00,1986-05-30,,{Finland|Rovaniemi}
Ossi Saarinen,1986-01-01T00:00:00+02:00,1986-12-09,,{Finland|Helsinki}
Petri Koivisto,1986-01-01T00:00:00+02:00,1986-11-15,,{Finland|Kiiminki}
Petteri Nokelainen,1986-01-01T00:00:00+02:00,1986-01-16,,{Finland|Imatra}
Petteri Wirtanen,1986-01-01T00:00:00+02:00,1986-05-28,male,{Finland|Hyvinkää}
Aleksis Ahlqvist,1986-01-01T00:00:00+02:00,1986-03-28,,{Finland|Jyväskylä}
Veli-Matti Savinainen,1986-01-01T00:00:00+02:00,1986-01-05,,{Finland|Espoo}
Jerry Ahtola,1986-01-01T00:00:00+02:00,1986-03-25,,{Finland|Turku}
Matti Koistinen,1986-01-01T00:00:00+02:00,1986-01-18,,{Finland|Outokumpu}
Saara Tuominen,1986-01-01T00:00:00+02:00,1986-01-01,,{Finland|Ylöjärvi}
Karri Rämö,1986-01-01T00:00:00+02:00,1986-07-01,male,{Finland|Asikkala}
Timo Seppänen,1987-01-01T00:00:00+02:00,1987-07-22,,{Finland|Helsinki}
Perttu Lindgren,1987-01-01T00:00:00+02:00,1987-08-26,male,{Finland|Tampere}
Rony Ahonen,1987-01-01T00:00:00+02:00,1987-01-17,male,{Finland|Porvoo}
Mikael Kurki,1987-01-01T00:00:00+02:00,1987-01-13,,{Finland|Helsinki}
Mikko Lehtonen (ice hockey born 1987),1987-01-01T00:00:00+02:00,1987-04-01,,{Finland|Espoo}
Mira Kuisma,1987-01-01T00:00:00+02:00,1987-05-06,female,{Finland|Kuopio}
Tommi Huhtala,1987-01-01T00:00:00+02:00,1987-12-07,,{Finland|Tampere}
Tommi Leinonen,1987-01-01T00:00:00+02:00,1987-05-14,,{Finland|Kajaani}
Tuomas Huhtanen,1987-01-01T00:00:00+02:00,1987-03-16,male,{Finland|Noormarkku}
Marko Pöyhönen,1987-01-01T00:00:00+02:00,1987-09-10,,{Finland|Hollola}
Jani Nieminen,,1987-07-28,,{Finland|Helsinki}
Jarkko Hattunen,1987-01-01T00:00:00+02:00,1987-01-22,,{Finland|Kajaani}
Juha Toivonen,1987-01-01T00:00:00+02:00,1987-06-10,,{Finland|Hattula}
Juho Mielonen,1987-01-01T00:00:00+02:00,1987-03-01,,{Finland|Savonlinna}
Jussi Rynnäs,1987-01-01T00:00:00+02:00,1987-05-22,male,{Finland|Pori}
Antti Hölli,1987-01-01T00:00:00+02:00,1987-07-16,,{Finland|Kangasala}
Antti Jaatinen,1987-01-01T00:00:00+02:00,1987-09-24,male,{Finland|Mäntyharju}
Antti Kerälä,1987-01-01T00:00:00+02:00,1987-02-03,,{Finland|Hattula}
Oskar Osala,1987-01-01T00:00:00+02:00,1987-12-26,,{Finland|Vaasa}
Aleksi Holmberg,1987-01-01T00:00:00+02:00,1987-03-17,,{Finland|Helsinki}
Teemu Laakso,1987-01-01T00:00:00+02:00,1987-08-27,male,{Finland|Tuusula}
Vili Sopanen,,1987-10-21,,{Finland|Valkeala}
Ville Korhonen,,1987-05-20,,{Finland|Tampere}
Jenni Hiirikoski,1987-01-01T00:00:00+02:00,1987-03-30,female,{Finland|Lempäälä}
Jesse Joensuu,1987-01-01T00:00:00+02:00,1987-10-05,,{Finland|Pori}
Nina Tikkinen,1987-01-01T00:00:00+02:00,1987-02-06,,{Finland|Salo Finland}
Sami Sandell,1987-01-01T00:00:00+02:00,1987-03-01,male,{Finland|Nokia Finland}
Aatu Hämäläinen,1987-01-01T00:00:00+02:00,1987-02-28,,{Finland|Suonenjoki}
Jonas Enlund,1987-01-01T00:00:00+02:00,1987-11-03,,{Finland|Helsinki}
Joni Haverinen,1987-01-01T00:00:00+02:00,1987-05-17,,{Finland|Uusikaupunki}
Joonas Koskinen,1987-01-01T00:00:00+02:00,1987-03-08,,{Finland|Ruovesi}
Jori Lehterä,1987-01-01T00:00:00+02:00,1987-12-23,male,{Finland|Helsinki}
Roope Ranta,1988-01-01T00:00:00+02:00,1988-05-23,,{Finland|Helsinki}
Roope Talaja,1988-01-01T00:00:00+02:00,1988-08-02,male,{Finland|Kuopio}
Rosa Lindstedt,1988-01-01T00:00:00+02:00,1988-01-24,female,{Finland|Ylöjärvi}
Mika Järvinen,1988-01-01T00:00:00+02:00,1988-11-15,male,{Finland|Hattula}
Mika Niemi,1988-01-01T00:00:00+02:00,1988-03-10,,{Finland|Pori}
Mikael Ruohomaa,1988-01-01T00:00:00+02:00,1988-11-17,male,{Finland|Alastaro}
Mikko Kukkonen,,1988-01-19,,{Finland|Siilinjärvi}
Tomi Ståhlhammar,1988-01-01T00:00:00+02:00,1988-03-09,,{Finland|Turku}
Tommi Jokinen,1988-01-01T00:00:00+02:00,1988-09-17,,{Finland|Siilinjärvi}
Severi Sillanpää,1988-01-01T00:00:00+02:00,1988-02-07,,{Finland|Pori}
Harri Pesonen,1988-01-01T00:00:00+02:00,1988-08-06,male,{Finland|Muurame}
Lauri Taipalus,1988-01-01T00:00:00+02:00,1988-01-14,,{Finland|Alavus}
Jan-Mikael Järvinen,1988-01-01T00:00:00+02:00,1988-02-26,,{Finland|Pirkkala}
Jan-Mikael Juutilainen,1988-01-01T00:00:00+02:00,1988-01-05,male,{Finland|Espoo}
Jarkko Näppilä,1988-01-01T00:00:00+02:00,1988-07-06,,{Finland|Tampere}
Juuso Antonen,1988-01-01T00:00:00+02:00,1988-02-08,,{Finland|Tampere}
Juuso Puustinen,1988-01-01T00:00:00+02:00,1988-04-05,male,{Finland|Kuopio}
Juuso Rajala,,1988-08-27,male,{Finland|Tampere}
Atte Engren,1988-01-01T00:00:00+02:00,1988-02-19,male,{Finland|Rauma Finland}
Antti Rautiola,1988-01-01T00:00:00+02:00,1988-02-08,male,{Finland|Äänekoski}
Pasi Hirvonen,1988-01-01T00:00:00+02:00,1988-11-04,,{Finland|Vantaa}
Ville Lajunen,1988-01-01T00:00:00+02:00,1988-03-08,male,{Finland|Helsinki}
Jiri Veistola,1988-01-01T00:00:00+02:00,1988-03-21,,{Finland|Helsinki}
Max Wärn,1988-01-01T00:00:00+02:00,1988-06-10,male,{Finland|Helsinki}
Nico Aaltonen,1988-01-01T00:00:00+02:00,1988-06-15,male,{Finland|Lappeenranta}
Niko Hovinen,1988-01-01T00:00:00+02:00,1988-03-16,male,{Finland|Helsinki}
Niko Snellman,1988-01-01T00:00:00+02:00,1988-03-12,male,{Finland|Tampere}
Niko Tuhkanen,1988-01-01T00:00:00+02:00,1988-04-18,,{Finland|Lahti}
Sakari Salminen,1988-01-01T00:00:00+02:00,1988-05-31,,{Finland|Pori}
Jonne Virtanen,1988-01-01T00:00:00+02:00,1988-03-13,male,{Finland|Turku}
Joonas Jalvanti,1988-01-01T00:00:00+02:00,1988-09-09,,{Finland|Lahti}
Joonas Kemppainen,,1988-04-07,,{Finland|Kajaani}
Joonas Lehtivuori,1988-01-01T00:00:00+02:00,1988-07-19,male,{Finland|Tampere}
Tomi Karhunen,1989-01-01T00:00:00+02:00,1989-10-29,,{Finland|Oulu}
Tomi Leivo,1989-01-01T00:00:00+02:00,1989-09-24,,{Finland|Lappeenranta}
Tomi Pallassalo,1989-01-01T00:00:00+02:00,1989-08-17,,{Finland|Helsinki}
Tommi Virtanen,1989-01-01T00:00:00+02:00,1989-03-04,male,{Finland|Turku}
Harri Säteri,1989-01-01T00:00:00+02:00,1989-12-29,male,{Finland|Toijala}
Lassi Kokkala,1989-01-01T00:00:00+02:00,1989-03-20,,{Finland|Turku}
Mariia Posa,1989-01-01T00:00:00+02:00,1989-05-29,female,{Finland|Helsinki}
Markus Palmroth,,1989-01-25,male,{Finland|Turku}
Jani Kautto,1989-01-01T00:00:00+02:00,1989-10-25,,{Finland|Vantaa}
Eetu Pöysti,1989-01-01T00:00:00+02:00,1989-01-16,,{Finland|Helsinki}
Anniina Rajahuhta,1989-01-01T00:00:00+02:00,1989-03-08,female,{Finland|Helsinki}
Antti Raanta,1989-01-01T00:00:00+02:00,1989-05-12,,{Finland|Rauma Finland}
Antti Roppo,1989-01-01T00:00:00+02:00,1989-02-09,,{Finland|Tampere}
Antti Tyrväinen (ice hockey),1989-01-01T00:00:00+02:00,1989-04-03,male,{Finland|Seinäjoki|Seinajoki_Finland}
Riku Toivo,1989-01-01T00:00:00+02:00,1989-07-25,,{Finland|Oulunsalo}
Ville Laine,1989-01-01T00:00:00+02:00,1989-02-25,,{Finland|Tampere}
Jere Ölander,1989-01-01T00:00:00+02:00,1989-10-02,male,{Finland|Helsinki}
Niclas Lucenius,1989-01-01T00:00:00+02:00,1989-05-03,male,{Finland|Turku}
Noora Räty,1989-01-01T00:00:00+02:00,1989-05-29,,{Finland|Espoo}
Iiro Sopanen,1989-01-01T00:00:00+02:00,1989-09-20,male,{Finland|Lahti}
Ilari Melart,1989-01-01T00:00:00+02:00,1989-02-11,,{Finland|Helsinki}
Sami Lähteenmäki,1989-01-01T00:00:00+02:00,1989-09-19,,{Finland|Loppi}
Joni Liljeblad,1989-01-01T00:00:00+02:00,1989-09-17,,{Finland|Oulu}
Joonas Järvinen,1989-01-01T00:00:00+02:00,1989-01-05,male,{Finland|Turku}
Roope Nikkilä,1990-01-01T00:00:00+02:00,1990-05-02,,{Finland|Tampere}
Miika Koivisto,1990-01-01T00:00:00+02:00,1990-07-20,,{Finland|Vaasa}
Mika Erkkilä,1990-01-01T00:00:00+02:00,1990-03-04,,{Finland|Hämeenlinna}
Mikko Nuutinen,1990-01-01T00:00:00+02:00,1990-10-06,,{Finland|Kuopio}
Toni Pulkkinen,1990-01-01T00:00:00+02:00,1990-11-01,,{Finland|Vantaa}
Jami Laine,1990-01-01T00:00:00+02:00,1990-07-27,,{Finland|Pori}
Jani-Petteri Helenius,1990-01-01T00:00:00+02:00,1990-01-18,,{Finland|Helsinki}
Jani Lajunen,1990-01-01T00:00:00+02:00,1990-06-16,male,{Finland|Espoo}
Jasse Ikonen,1990-01-01T00:00:00+02:00,1990-06-13,male,{Finland|Kuopio}
Eero Elo,1990-01-01T00:00:00+02:00,1990-04-26,,{Finland|Rauma Finland}
Juuso Honka,1990-01-01T00:00:00+02:00,1990-03-11,,{Finland|Turku}
Jyri Niemi,1990-01-01T00:00:00+02:00,1990-06-15,male,{Finland|Hämeenkyrö}
Anssi Pesonen,1990-01-01T00:00:00+02:00,1990-08-07,,{Finland|Janakkala}
Ossi Ikonen,1990-01-01T00:00:00+02:00,1990-03-04,male,{Finland|Toivakka}
Rasmus Rinne,1990-01-01T00:00:00+02:00,1990-07-08,,{Finland|Hyvinkää}
Petteri Similä,1990-01-01T00:00:00+02:00,1990-04-09,male,{Finland|Oulu}
Aleksi Elorinne,1990-01-01T00:00:00+02:00,1990-02-03,,{Finland|Joensuu}
Aleksi Laakso,1990-01-01T00:00:00+02:00,1990-03-16,,{Finland|Seinäjoki}
Tadas Kumeliauskas,1990-01-01T00:00:00+02:00,1990-12-11,male,{Finland|Lithuania|Elektrėnai}
Teemu Eronen,1990-01-01T00:00:00+02:00,1990-11-22,male,{Finland|Vantaa}
Teemu Hartikainen,1990-01-01T00:00:00+02:00,1990-05-03,male,{Finland|Kuopio}
Teemu Virtanen,1990-01-01T00:00:00+02:00,1990-01-09,,{Finland|Urjala}
Matias Myttynen,1990-01-01T00:00:00+02:00,1990-03-12,male,{Finland|Tampere}
Matias Sointu,1990-01-01T00:00:00+02:00,1990-02-10,,{Finland|Tampere}
Niko Peltola,,1990-06-01,,{Finland|Huittinen}
Sami Blomqvist,1990-01-01T00:00:00+02:00,1990-06-12,,{Finland|Espoo}
Joonas Komulainen,1990-01-01T00:00:00+02:00,1990-06-01,male,{Finland|Kuhmo}
Joonas Kuusela,1990-01-01T00:00:00+02:00,1990-05-30,,{Finland|Espoo}
Jaakko Turtiainen,1991-01-01T00:00:00+02:00,1991-03-05,,{Finland|Helsinki}
Erik Haula,1991-01-01T00:00:00+02:00,1991-03-23,male,{Finland|Pori}
Frans Tuohimaa,1991-01-01T00:00:00+02:00,1991-08-19,male,{Finland|Helsinki}
Miika Roine,1991-01-01T00:00:00+02:00,1991-12-08,male,{Finland|Jyväskylä}
Mikko Salmio,1991-01-01T00:00:00+02:00,1991-07-13,male,{Finland|Jämsä}
Tomi Korkko,1991-01-01T00:00:00+02:00,1991-03-26,,{Finland|Oulu}
Tommi Kivistö,1991-01-01T00:00:00+02:00,1991-06-07,male,{Finland|Vantaa}
Toni Leinonen,1991-01-01T00:00:00+02:00,1991-11-08,male,{Finland|Helsinki}
Toni Rajala,1991-01-01T00:00:00+02:00,1991-03-28,male,{Finland|Parkano}
Henri Tuominen,1991-01-01T00:00:00+02:00,1991-09-10,,{Finland|Turku}
Lauri Kärmeniemi,1991-01-01T00:00:00+02:00,1991-04-17,,{Finland|Hämeenlinna}
Janne Ofverstrom,1991-01-01T00:00:00+02:00,1991-03-18,male,{Finland|Helsinki}
Joel Lehtinen,1991-01-01T00:00:00+02:00,1991-11-16,male,{Finland|Helsinki}
Juha-Pekka Pietilä,1991-01-01T00:00:00+02:00,1991-04-30,,{Finland|Hollola}
Julius Junttila,1991-01-01T00:00:00+02:00,1991-08-15,,{Finland|Oulu}
Juuso Pulli,1991-01-01T00:00:00+02:00,1991-08-30,,{Finland|Kouvola}
Juuso Salmi,1991-01-01T00:00:00+02:00,1991-07-15,,{Finland|Helsinki}
Jyrki Jokipakka,1991-01-01T00:00:00+02:00,1991-08-20,male,{Finland|Tampere}
Kalle Maalahti,1991-01-01T00:00:00+02:00,1991-04-30,,{Finland|Lappeenranta}
Arttu Ilomaki,1991-01-01T00:00:00+02:00,1991-06-12,,{Finland|Tampere}
Rasmus Rissanen,1991-01-01T00:00:00+02:00,1991-07-13,male,{Finland|Kuopio}
Teemu Huhtala,1991-01-01T00:00:00+02:00,1991-04-04,male,{Finland|Tampere}
Valtteri Virkkunen,1991-01-01T00:00:00+02:00,1991-02-18,male,{Finland|Espoo}
Jere Laaksonen,1991-01-01T00:00:00+02:00,1991-02-28,,{Finland|Eurajoki}
Jere Pulli,,1991-06-17,male,{Finland|Lappeenranta}
Nico Manelius,1991-01-01T00:00:00+02:00,1991-03-12,male,{Finland|Vantaa}
Niko Kallela,1991-01-01T00:00:00+02:00,1991-07-02,,{Finland|Tampere}
Iiro Pakarinen,1991-01-01T00:00:00+02:00,1991-08-25,male,{Finland|Suonenjoki}
Sami Vatanen,1991-01-01T00:00:00+02:00,1991-06-03,male,{Finland|Jyväskylä}
Joni Ortio,1991-01-01T00:00:00+02:00,1991-04-16,male,{Finland men's national ice hockey team|Turku}
Joonas Hurri,1991-01-01T00:00:00+02:00,1991-03-31,,{Finland|Lahti}
Joonas Liimatainen,1991-01-01T00:00:00+02:00,1991-07-04,,{Finland|Tampere}
Joonas Nättinen,1991-01-01T00:00:00+02:00,1991-01-03,male,{Finland|Jämsä}
Joonas Sammalmaa,1991-01-01T00:00:00+02:00,1991-01-18,male,{Finland|Kokkola}
Joonas Toivanen,1991-01-01T00:00:00+02:00,1991-04-02,,{Finland|Varkaus}
Miihkali Teppo,1992-01-01T00:00:00+02:00,1992-12-28,male,{Finland|Helsinki}
Miiko Hintz,1992-01-01T00:00:00+02:00,1992-09-27,,{Finland|Nokia}
Mika Partanen,1992-01-01T00:00:00+02:00,1992-10-18,male,{Finland|Helsinki}
Mikael Granlund,1992-01-01T00:00:00+02:00,1992-02-26,male,{Finland|Oulu}
Mikael Kuronen,1992-01-01T00:00:00+02:00,1992-03-14,,{Finland|Tampere}
Miro Hovinen,1992-01-01T00:00:00+02:00,1992-04-29,,{Finland|Espoo}
Krister Mähönen,1992-01-01T00:00:00+02:00,1992-01-30,,{Finland|Vahto}
Marcus Fagerudd,1992-01-01T00:00:00+02:00,1992-12-17,male,{Finland|Jakobstad}
Markus Nenonen,1992-01-01T00:00:00+02:00,1992-10-29,male,{Finland|Jämsänkoski}
Jani Hakanpää,1992-01-01T00:00:00+02:00,1992-03-31,male,{Finland|Kirkkonummi}
Janne Palve,1992-01-01T00:00:00+02:00,1992-10-08,male,{Finland|Oulu}
Eero Savilahti,1992-01-01T00:00:00+02:00,1992-08-10,,{Finland|Tampere}
Eetu Koski,1992-01-01T00:00:00+02:00,1992-07-29,male,{Finland|Uusikaupunki}
Joel Mustonen,1992-01-01T00:00:00+02:00,1992-09-18,,{Finland|Oulu}
Julius Nyqvist,1992-01-01T00:00:00+02:00,1992-10-29,male,{Finland|Vantaa}
Antti Iivari,1992-01-01T00:00:00+02:00,1992-03-11,,{Finland|Rovaniemi}
Otto Raty,1992-01-01T00:00:00+02:00,1992-01-02,,{Finland|Tampere}
Oula Palve,1992-01-01T00:00:00+02:00,1992-02-19,male,{Finland|Keuruu}
Pasi Kouvalainen,1992-01-01T00:00:00+02:00,1992-01-06,,{Finland|Pyhäjärvi}
Teemu Pulkkinen,1992-01-01T00:00:00+02:00,1992-01-02,,{Finland|Vantaa}
Teemu Rautiainen,1992-01-01T00:00:00+02:00,1992-03-13,,{Finland|Nurmijärvi}
Valtteri Hietanen,1992-01-01T00:00:00+02:00,1992-12-23,male,{Finland|Virrat}
Ville-Veikko Eerola,1992-01-01T00:00:00+02:00,1992-04-09,,{Finland|Hämeenlinna}
Ville Kolppanen,1992-01-01T00:00:00+02:00,1992-09-05,,{Finland|Vaasa}
Jere Elo,1992-01-01T00:00:00+02:00,1992-03-07,,{Finland|Helsinki}
Jere Karjalainen,1992-01-01T00:00:00+02:00,1992-05-23,,{Finland|Helsinki}
Christopher Gibson,1992-01-01T00:00:00+02:00,1992-12-27,male,{Finland|Karkkila}
Sami Aittokallio,1992-01-01T00:00:00+02:00,1992-08-06,,{Finland|Tampere}
Sami Rajaniemi,1992-01-01T00:00:00+02:00,1992-08-20,,{Finland|Oulainen}
Samuli Kankaanperä,1992-01-01T00:00:00+02:00,1992-03-04,,{Finland|Jyväskylä}
Santtu Huhtala,1992-01-01T00:00:00+02:00,1992-03-15,,{Finland|Salo Finland}
Aki Kivelä,1992-01-01T00:00:00+02:00,1992-04-04,male,{Finland|Helsinki}
Joonas Donskoi,1992-01-01T00:00:00+02:00,1992-04-13,male,{Finland|Raahe}
Kimi Koivisto,1992-01-01T00:00:00+02:00,1992-12-31,,{Finland|Heinola}
Thomas Nykopp,1993-01-01T00:00:00+02:00,1993-03-06,male,{Finland|Helsinki}
Hannu Kuru,1993-01-01T00:00:00+02:00,1993-05-12,,{Finland|Kaarina}
Patrik Parkkonen,1993-01-01T00:00:00+02:00,1993-01-23,,{Finland|Porvoo}
Roni Viirlas,1993-01-01T00:00:00+02:00,1993-05-20,,{Finland|Turku}
Miikka Salomäki,1993-01-01T00:00:00+02:00,1993-03-09,male,{Raahe|Finland men's national junior ice hockey team}
Miro Aaltonen,1993-01-01T00:00:00+02:00,1993-06-07,male,{Finland|Joensuu}
Tomi Wilenius,1993-01-01T00:00:00+02:00,1993-01-15,,{Finland|Nokia}
Toni Kallela,1993-01-01T00:00:00+02:00,1993-01-10,,{Finland|Oulainen}
Heikki Liedes,1993-01-01T00:00:00+02:00,1993-01-12,male,{Finland|Helsinki}
Henri Auvinen,1993-01-01T00:00:00+02:00,1993-02-21,male,{Finland|Jyväskylä}
Markus Granlund,1993-01-01T00:00:00+02:00,1993-04-16,male,{Finland|Oulu}
Markus Hännikäinen,1993-01-01T00:00:00+02:00,1993-03-26,male,{Finland|Helsinki}
Jarno Paven,1993-01-01T00:00:00+02:00,1993-05-20,,{Finland|Turku}
Joel Armia,1993-01-01T00:00:00+02:00,1993-05-31,male,{Finland|Pori}
Juha Tarkkanen,1993-01-01T00:00:00+02:00,1993-07-10,male,{Finland|Helsinki}
Juho Tommila,1993-01-01T00:00:00+02:00,1993-02-09,,{Finland|Lappi Finland}
Juuso Riikola,1993-01-01T00:00:00+02:00,1993-11-09,,{Finland|Joensuu}
Peter Tiivola,1993-01-01T00:00:00+02:00,1993-09-05,,{Finland|Helsinki}
Petteri Lindbohm,1993-01-01T00:00:00+02:00,1993-09-23,male,{Finland|Helsinki}
Aleksi Orenius,1993-01-01T00:00:00+02:00,1993-10-24,,{Finland|Tampere}
Aleksi Salonen,1993-01-01T00:00:00+02:00,1993-02-03,male,{Finland|Muurame}
Teemu Henritius,1993-01-01T00:00:00+02:00,1993-04-20,,{Finland|Helsinki}
Valtteri Järviluoma,1993-01-01T00:00:00+02:00,1993-01-29,,{Finland|Tampere}
Ville Ahlgren,1993-01-01T00:00:00+02:00,1993-10-06,,{Finland|Pori}
Ville Runola,1993-01-01T00:00:00+02:00,1993-01-04,male,{Finland|Turku}
Jere Seppälä,1993-01-01T00:00:00+02:00,1993-01-04,,{Finland|Kemi}
Jesse Huhtala,1993-01-01T00:00:00+02:00,1993-05-09,male,{Finland|Pori}
Matti Lamberg,1993-01-01T00:00:00+02:00,1993-01-06,,{Finland|Kiiminki}
Nico Nyberg,1993-01-01T00:00:00+02:00,1993-09-07,,{Finland|Espoo}
Niklas Friman,1993-01-01T00:00:00+02:00,1993-08-30,,{Finland|Rauma Finland}
Niko Karhu,1993-01-01T00:00:00+02:00,1993-05-13,,{Finland|Turku}
Joni Seinelä,1993-01-01T00:00:00+02:00,1993-03-23,,{Finland|Turku}
Joona Harjama,1993-01-01T00:00:00+02:00,1993-07-05,male,{Finland|Hamina}
Joonas Valkonen,1993-01-01T00:00:00+02:00,1993-06-03,,{Finland|Vantaa}
Esa Lindell,1994-01-01T00:00:00+02:00,1994-05-23,,{Finland|Helsinki}
Teuvo Teräväinen,1994-01-01T00:00:00+02:00,1994-09-11,male,{Finland|Helsinki}
Mikko Komulainen,1994-01-01T00:00:00+02:00,1994-03-04,male,{Finland|Iisalmi}
Mikko Lehtonen (ice hockey born 1994),1994-01-01T00:00:00+02:00,1994-01-16,male,{Finland|Turku}
Mikko Vainonen,1994-01-01T00:00:00+02:00,1994-04-11,male,{Finland|Helsinki}
Topi Nättinen,1994-01-01T00:00:00+02:00,1994-04-01,male,{Finland|Jyväskylä}
Henri Ikonen,,1994-04-17,male,{Finland|Savonlinna}
Henri Kiviaho,1994-01-01T00:00:00+02:00,1994-02-26,,{Finland|Lappeenranta}
Henrik Haapala,1994-01-01T00:00:00+02:00,1994-02-28,,{Finland|Lempäälä}
Janne Juutinen,1994-01-01T00:00:00+02:00,1994-02-15,male,{Finland|Hyvinkää}
Janne Juvonen,1994-01-01T00:00:00+02:00,1994-10-03,male,{Finland|Kiihtelysvaara}
Jasper Lindsten,1994-01-01T00:00:00+02:00,1994-06-30,,{Finland|Salo Finland}
Olli Määttä,1994-01-01T00:00:00+02:00,1994-08-22,,{Finland|Jyväskylä}
Oskari Lehtinen,1994-01-01T00:00:00+02:00,1994-02-09,,{Finland|Turku}
Rasmus Kulmala,1994-01-01T00:00:00+02:00,1994-06-21,,{Finland|Alastaro}
Aleksi Rutanen,1994-01-01T00:00:00+02:00,1994-07-19,,{Finland|Espoo}
Valtteri Parikka,1994-01-01T00:00:00+02:00,1994-12-08,,{Finland|Järvenpää}
Ville-Valtteri Leskinen,1994-01-01T00:00:00+02:00,1994-02-18,male,{Finland|Oulu}
Ville Pokka,1994-01-01T00:00:00+02:00,1994-06-03,male,{Finland|Tornio}
Niklas Salo,1994-01-01T00:00:00+02:00,1994-07-08,male,{Finland|Somero}
Niklas Tikkinen,1994-01-01T00:00:00+02:00,1994-06-01,,{Finland|Espoo}
Saku Mäenalanen,1994-01-01T00:00:00+02:00,1994-05-29,male,{Finland|Kemi|Tornio}
Saku Salminen,1994-01-01T00:00:00+02:00,1994-10-20,,{Finland|Helsinki}
Samu Markkula,1994-01-01T00:00:00+02:00,1994-02-27,male,{Finland|Jyväskylä}
Santeri Saari,1994-01-01T00:00:00+02:00,1994-10-18,,{Finland|Helsinki}
Joonas Korpisalo,1994-01-01T00:00:00+02:00,1994-04-28,male,{Finland|Pori}
Elmeri Eronen,1995-01-01T00:00:00+02:00,1995-01-27,male,{Finland|Turku}
Mikke Levo,1995-01-01T00:00:00+02:00,1995-03-28,,{Finland|Orivesi}
Tuukka Smura,1995-01-01T00:00:00+02:00,1995-06-05,male,{Finland|Kajaani}
Julius Honka,1995-01-01T00:00:00+02:00,1995-12-03,male,{Finland|Jyväskylä}
Julius Vähätalo,1995-01-01T00:00:00+02:00,1995-03-23,male,{Finland|Vahto}
Juuse Saros,1995-01-01T00:00:00+02:00,1995-04-19,male,{Finland|Forssa}
Juuso Ikonen,1995-01-01T00:00:00+02:00,1995-01-03,male,{Finland|Espoo}
Artturi Lehkonen,1995-01-01T00:00:00+02:00,1995-07-04,male,{Finland|Piikkiö}
Atte Mäkinen,1995-01-01T00:00:00+02:00,1995-05-17,,{Finland|Tampere}
Oskari Siiki,1995-01-01T00:00:00+02:00,1995-05-05,,{Finland|Turku}
Aleksander Barkov Jr.,1995-01-01T00:00:00+02:00,1995-09-02,male,{Finland|Tampere}
Aleksi Mäkelä (ice hockey),1995-01-01T00:00:00+02:00,1995-02-08,male,{Finland|Tampere}
Aleksi Mustonen,1995-01-01T00:00:00+02:00,1995-03-28,male,{Finland|Helsinki}
Eveliina Suonpää,1995-01-01T00:00:00+02:00,1995-04-12,,{Finland|Kiukainen}
Ville Husso,1995-01-01T00:00:00+02:00,1995-02-06,male,{Finland|Helsinki}
Matias Pulli,1995-01-01T00:00:00+02:00,1995-03-08,male,{Finland|Raisio}
Niko Ojamäki,1995-01-01T00:00:00+02:00,1995-06-17,,{Finland|Pori}
Saku Kinnunen,1995-01-01T00:00:00+02:00,1995-01-03,male,{Finland|Kuhmo}
Joonas Lyytinen,1995-01-01T00:00:00+02:00,1995-04-04,male,{Finland|Espoo}
Roope Hintz,1996-01-01T00:00:00+02:00,1996-11-17,,{Finland|Tampere}
Mikko Rantanen,1996-01-01T00:00:00+02:00,1996-10-29,,{Finland|Nousiainen}
Manu Honkanen,1996-01-01T00:00:00+02:00,1996-04-29,male,{Finland|Turku}
Juho Lammikko,1996-01-01T00:00:00+02:00,1996-01-29,,{Finland|Noormarkku}
Teemu Lämsä,1996-01-01T00:00:00+02:00,1996-02-06,male,{Finland|Turku}
Kasperi Kapanen,1996-01-01T00:00:00+02:00,1996-07-23,male,{Finland|Kuopio}
Julius Nättinen,1997-01-01T00:00:00+02:00,1997-01-14,,{Finland|Jyväskylä}
Aleksi Saarela,1997-01-01T00:00:00+02:00,1997-01-07,,{Finland|Helsinki}
